subject,predicate,object
NT_01_2013,ano,2013
NT_01_2013,analisa,Diagnósticos da América S/A
NT_01_2013,analisa,MDl Diagnósticos S/A
NT_01_2015,ano,2015
NT_01_2015,analisa,Double
NT_01_2015,analisa,Single
NT_01_2015,aplica_metodologia,HHI
NT_01_2015,aplica_metodologia,Preço
NT_02_2011,processo,08012.004654/2009-21
NT_02_2011,ano,2011
NT_02_2011,analisa,ROMELSA
NT_02_2011,analisa,CASAS BAHIA
NT_02_2011,analisa,Casa Bahia
NT_02_2011,analisa,Edu Garcia Comércio Ltda
"Olavo Zaga Chinaglia
Requerentes",autor_de,NT_02_2011
NT_02_2011,aplica_metodologia,Preço
NT_02_2014,processo,08700.004065/2012-91
NT_02_2014,ano,2014
"Luiz Alberto Esteves

Referência",autor_de,NT_02_2014
Autor,autor_de,NT_02_2014
NT_02_2015,processo,08700.009711/2014-78
NT_02_2015,processo,08012.005306/2002-03
NT_02_2015,processo,08012.001885/2007-11
NT_02_2015,processo,08012.004423/2009-18
NT_02_2015,processo,08700.011891/2014-58
NT_02_2015,ano,2015
NT_02_2015,analisa,Distribuição de Insumos Farmacêuticos e Alimentos Ltda
NT_02_2015,analisa,Genix - Indústria Farmacêutica Ltda
NT_02_2015,mercado_relevante,cápsulas
NT_02_2015,mercado_relevante,avaliar em que medida é possível haver danos à concorrência
NT_02_2015,mercado_relevante,razão da presente operação
ou do Superintendente,autor_de,NT_02_2015
do Departamento de Estudos Econômicos do FTC,autor_de,NT_02_2015
pretenderão debater tais argumentos,autor_de,NT_02_2015
realizou o teste da perda crítica,autor_de,NT_02_2015
comparou este valor com a elasticidade de fato,autor_de,NT_02_2015
NT_02_2015,aplica_metodologia,GUPPI
NT_02_2015,aplica_metodologia,Regressão
NT_02_2015,aplica_metodologia,Elasticidade
NT_02_2015,aplica_metodologia,Eficiências
NT_02_2015,aplica_metodologia,Concentração
NT_02_2015,aplica_metodologia,Poder de Mercado
NT_02_2015,aplica_metodologia,Preço
NT_05_2017,processo,08700.006444/2016-49
NT_05_2017,processo,08700.007108/2016-13
NT_05_2017,processo,08700.006464/2016-10
NT_05_2017,processo,08012.009025/2008-15
NT_05_2017,ano,2015
NT_05_2017,analisa,Ipiranga Produtos de Petróleo S.A
NT_05_2017,analisa,Alesat Combustíveis S.A
NT_05_2017,analisa,GUPPI
NT_05_2017,analisa,Ale Combustíveis S.A
NT_05_2017,analisa,Alecred Promotora de Negócios de Crédito Ltda
NT_05_2017,analisa,Alesat Comercial Importações e Exportações Ltda
NT_05_2017,mercado_relevante,combustíveis líquidos foi a introdução da tecnologia
NT_05_2017,mercado_relevante,caracterizar a revenda e a natureza dos preços nesses mercados em relação aos
NT_05_2017,mercado_relevante,combustíveis no Brasil
NT_05_2017,mercado_relevante,combustíveis líquidos
"CADE

Referência",autor_de,NT_05_2017
"Cade

Como se pode ver pela Figura",autor_de,NT_05_2017
"Cade

Na Figura",autor_de,NT_05_2017
CadeTabela,autor_de,NT_05_2017
"Cade

A Figura",autor_de,NT_05_2017
"Cade

Figura",autor_de,NT_05_2017
"Cade

Da Figura",autor_de,NT_05_2017
"Cade

Pelos  gr",autor_de,NT_05_2017
"Cade

Na Tabela",autor_de,NT_05_2017
NT_05_2017,aplica_metodologia,GUPPI
NT_05_2017,aplica_metodologia,HHI
NT_05_2017,aplica_metodologia,CPPI
NT_05_2017,aplica_metodologia,Regressão
NT_05_2017,aplica_metodologia,Elasticidade
NT_05_2017,aplica_metodologia,Efeitos Unilaterais
NT_05_2017,aplica_metodologia,Efeitos Coordenados
NT_05_2017,aplica_metodologia,Eficiências
NT_05_2017,aplica_metodologia,Concentração
NT_05_2017,aplica_metodologia,Poder de Mercado
NT_05_2017,aplica_metodologia,Preço
NT_05_2017,tipo_operacao,Aquisição
NT_06_2014,processo,08700.005447/2013-12
NT_06_2014,ano,2014
NT_06_2014,analisa,Requerentes Anhanguera Educacional Participações S.A
NT_06_2014,analisa,Kroton Educacional S.A
NT_06_2014,mercado_relevante,ensino superior à distância
NT_06_2014,mercado_relevante,diminuição da concorrência potencial entre as
Brasília,autor_de,NT_06_2014
NT_06_2014,aplica_metodologia,Eficiências
NT_07_2016,processo,08700.010266/2015-70
NT_07_2016,ano,2016
NT_07_2016,analisa,Upward Pricing Test
NT_07_2016,analisa,Gross Upward Pricing Pressure
NT_07_2016,mercado_relevante,o Carbeto de Silício Cristal
"CADE

Referência",autor_de,NT_07_2016
Cade executou an,autor_de,NT_07_2016
"Cade

Deve",autor_de,NT_07_2016
"Cade

A Tabela",autor_de,NT_07_2016
"Cade

Na Tabela",autor_de,NT_07_2016
Cade de,autor_de,NT_07_2016
NT_07_2016,aplica_metodologia,GUPPI
NT_07_2016,aplica_metodologia,Eficiências
NT_07_2016,aplica_metodologia,Preço
NT_07_2016,tipo_operacao,Fusão
NT_07_2017,processo,08700.006185/2016-56
NT_07_2017,processo,08700.006696/2016-78
NT_07_2017,processo,08700.006190/2016-69
NT_07_2017,processo,08700.005447/2013-12
NT_07_2017,processo,08700.009198/2013-34
NT_07_2017,processo,08012.000125/2012-54
NT_07_2017,ano,2005
NT_07_2017,analisa,Kroton Educacional S.A
NT_07_2017,analisa,Participações S.A
NT_07_2017,mercado_relevante,ensino a distância por meio de análises
NT_07_2017,mercado_relevante,graduação presencial é municipal
NT_07_2017,mercado_relevante,graduação EAD
NT_07_2017,mercado_relevante,ensino a distância
NT_07_2017,mercado_relevante,telefonia móvel
NT_07_2017,mercado_relevante,ensino superior presencial e a distância
NT_07_2017,mercado_relevante,Ensino a Distância (EAD)
NT_07_2017,mercado_relevante,questão é
NT_07_2017,mercado_relevante,questão
NT_07_2017,mercado_relevante,Serviços de Ensino
NT_07_2017,mercado_relevante,educação privada
NT_07_2017,mercado_relevante,educação no Brasil
"CADE

Referência",autor_de,NT_07_2017
NT_07_2017,aplica_metodologia,Regressão
NT_07_2017,aplica_metodologia,Concentração
NT_07_2017,aplica_metodologia,Barreiras à Entrada
NT_07_2017,aplica_metodologia,Preço
NT_07_2017,tipo_operacao,Aquisição
NT_07,processo,08700.002346/2019-85
NT_07,processo,08700.002349/2019-19
NT_07,processo,08700.002350/2019-43
NT_07,processo,08700.002351/2019-98
NT_07,processo,08700.002495/2019-44
NT_07,processo,08700.000266/2016-42
NT_07,processo,08700.004001/2015-32
NT_07,processo,08700.008540/2013-89
NT_07,processo,08700.004151/2012-01
NT_07,processo,08700.004150/2012-59
NT_07,processo,08700.005705/2018-75
NT_07,processo,08012.007190/2008-24
NT_07,processo,08012.000957/2008-94
NT_07,processo,08012.010094/2008-63
NT_07,processo,08012.010095/2008-16
NT_07,processo,08012.005539/2012-70
NT_07,processo,08700.012652/2015-04
NT_07,processo,08700.005704/2018-21
NT_07,processo,08700.004030/2018-47
NT_07,processo,08700.006185/2018-18
NT_07,processo,08700.003459/2016-55
NT_07,processo,08012.008853/2008-28
NT_07,processo,08012.002609/2007-71
NT_07,processo,08012.007443/2009-41
NT_07,processo,08700.000436/2014-27
NT_07,processo,08012.013152/2007-20
NT_07,processo,08012.006553/2007-23
NT_07,processo,08012.009419/2004-31
NT_07,processo,08012.010786/2004-88
NT_07,processo,08700.010790/2015-41
NT_07,processo,08012.004423/2009-18
NT_07,processo,08700.009988/2014-09
NT_07,ano,2019
NT_07,analisa,Casa de Saúde São Bernardo S.A
NT_07,analisa,São Bernardo Apart Hospital S.A
NT_07,analisa,Terapias e Diagnósticos Capixaba Ltda
NT_07,analisa,Acesso restrito ao CADE e às requerentes
NT_07,analisa,Acesso restrito ao CADE e à Athena
NT_07,analisa,Acesso restrito ao CADE e a São Bernardo
NT_07,analisa,Acesso restrito apenas ao CADE
NT_07,analisa,Athena ES
NT_07,analisa,São Bernardo Saúde
NT_07,analisa,São Bernardo Apart
NT_07,analisa,Centro Médico Capixaba
NT_07,analisa,Total Clínicas
NT_07,analisa,Athena Saúde Espírito Santo Holding S.A
NT_07,analisa,Total Clínicas Ltda
NT_07,analisa,São Bernardo Emergência Ltda
NT_07,analisa,Ativa Serviços Empresariais Ltda
NT_07,analisa,Call Express Central de Atendimento Ltda
NT_07,mercado_relevante,planos de saúde no ES
NT_07,mercado_relevante,planos coletivos por adesão e planos coletivos empresariais
NT_07,mercado_relevante,planos coletivos por adesão
NT_07,mercado_relevante,planos coletivos em que as pessoas apenas possuem acesso à cobertura ambulatorial
NT_07,mercado_relevante,planos coletivos empresariais
NT_07,mercado_relevante,cerveja
NT_07,mercado_relevante,tintas
NT_07,mercado_relevante,maneira satisfatória
NT_07,mercado_relevante,prol da possibilidade de contornar uma eventual não aprovação do ato de concentração por parte do CADE
NT_07,mercado_relevante,contrabalancear os efeitos no caso concreto
NT_07,mercado_relevante,forma mais ampla
NT_07,mercado_relevante,planos de saúde individuais e coletivos não pode ser considerada elemento suficiente para conter um eventual exercício de poder de mercado
NT_07,mercado_relevante,requerentes
NT_07,mercado_relevante,empresas fusionadas
NT_07,mercado_relevante,saúde como um todo declinou
NT_07,mercado_relevante,estudo
NT_07,mercado_relevante,saúde suplementar no Brasil
NT_07,mercado_relevante,planos de saúde
NT_07,mercado_relevante,Saúde Suplementar
NT_07,mercado_relevante,ferro dos EUA
Elvino de Carvalho Mendonça no,autor_de,NT_07
discordou da possibilidade de retirada do,autor_de,NT_07
para agentes do mercado,autor_de,NT_07
a respeito,autor_de,NT_07
compreende que a técnica Elzinga,autor_de,NT_07
em relação à visão apresentada pelas requerentes,autor_de,NT_07
defende a aplicação do Guia,autor_de,NT_07
sustenta que as regras do Guia,autor_de,NT_07
solicitou,autor_de,NT_07
CADE e,autor_de,NT_07
CADE o seguinte,autor_de,NT_07
foi buscar a fundamentação ou a gênese deste tipo de regra,autor_de,NT_07
tentar deriv,autor_de,NT_07
possui,autor_de,NT_07
discorda da aplicação da regra de,autor_de,NT_07
entende que a regra do delta de,autor_de,NT_07
sugere que deve ser observada a an,autor_de,NT_07
posiciona,autor_de,NT_07
usou dados públicos,autor_de,NT_07
foram incluídos as vidas que SBS j,autor_de,NT_07
fica sem uma an,autor_de,NT_07
tenha feito tal solicitação no âmbito do Ofício,autor_de,NT_07
não encontrou an,autor_de,NT_07
não descarta esse argumento,autor_de,NT_07
"discorda ACESSO RESTRITO ÀS REQUERENTES 

De outro lado",autor_de,NT_07
buscou analisar quantos CPFs migraram do ano de,autor_de,NT_07
apresenta uma an,autor_de,NT_07
analisou a definição de mercado relevante no presente caso,autor_de,NT_07
"CADE 

Assinado eletronicamente no DOCSEI",autor_de,NT_07
NT_07,aplica_metodologia,GUPPI
NT_07,aplica_metodologia,HHI
NT_07,aplica_metodologia,SSNIP
NT_07,aplica_metodologia,Elasticidade
NT_07,aplica_metodologia,Efeitos Unilaterais
NT_07,aplica_metodologia,Eficiências
NT_07,aplica_metodologia,Concentração
NT_07,aplica_metodologia,Poder de Mercado
NT_07,aplica_metodologia,Barreiras à Entrada
NT_07,aplica_metodologia,Preço
NT_07,aplica_metodologia,Upstream
NT_07,tipo_operacao,Aquisição
NT_10_2016,ano,2014
NT_10_2016,analisa,Bradesco
NT_10_2016,analisa,HSBC Brasil
NT_10_2016,analisa,HSBC Bank Brasil S.A
NT_10_2016,analisa,HSBC Serviços e Participações Ltda
NT_10_2016,analisa,Banco Bradesco S.A
analisar,autor_de,NT_10_2016
realiza três simulações,autor_de,NT_10_2016
NT_10_2016,aplica_metodologia,GUPPI
NT_10_2016,aplica_metodologia,CPPI
NT_10_2016,aplica_metodologia,Elasticidade
NT_10_2016,aplica_metodologia,Efeitos Unilaterais
NT_10_2016,aplica_metodologia,Efeitos Coordenados
NT_10_2016,aplica_metodologia,Eficiências
NT_10_2016,aplica_metodologia,Preço
NT_10_2016,tipo_operacao,Aquisição
NT_10,processo,08700.002346/2019-85
NT_10,processo,08700.002349/2019-19
NT_10,processo,08700.002350/2019-43
NT_10,processo,08700.002351/2019-98
NT_10,processo,08700.002495/2019-44
NT_10,processo,08700.003459/2016-55
NT_10,processo,08700.005705/2018-75
NT_10,processo,08012.008853/2008-28
NT_10,processo,08012.002609/2007-71
NT_10,processo,08012.007443/2009-41
NT_10,analisa,Acesso restrito ao CADE e às requerentes
NT_10,analisa,Acesso restrito ao CADE e à Athena
NT_10,analisa,Acesso restrito ao CADE e a São Bernardo
NT_10,analisa,Acesso restrito apenas ao CADE
NT_10,analisa,Athena ES
NT_10,analisa,São Bernardo Saúde
NT_10,analisa,São Bernardo Apart
NT_10,analisa,Athena Saúde Espírito Santo Holding S.A
NT_10,analisa,Casa de Saúde São Bernardo S.A
NT_10,mercado_relevante,planos de saúde médico-hospitalares
NT_10,mercado_relevante,planos de
NT_10,mercado_relevante,clusters
NT_10,mercado_relevante,operação
"CADE

Autos adicionais",autor_de,NT_10
apresentou Nota Técnica,autor_de,NT_10
no âmbito da Nota Técnica,autor_de,NT_10
em sua an,autor_de,NT_10
"a  respeito  do
presente  caso",autor_de,NT_10
referiu que entre,autor_de,NT_10
infringe disposi,autor_de,NT_10
seguiu os parâmetros es,autor_de,NT_10
"um ferramental
até mesmo cl",autor_de,NT_10
não se omi,autor_de,NT_10
CADE abaixo,autor_de,NT_10
não  encontrou  an,autor_de,NT_10
deu seguimento à an,autor_de,NT_10
ignora  que  a  alta  taxa  de  rota,autor_de,NT_10
fez  sua  an,autor_de,NT_10
possui,autor_de,NT_10
"entende que a mesma não
modi",autor_de,NT_10
NT_10,aplica_metodologia,HHI
NT_10,aplica_metodologia,Concentração
NT_10,aplica_metodologia,Poder de Mercado
NT_10,aplica_metodologia,Barreiras à Entrada
NT_10,aplica_metodologia,Preço
NT_12_2014,ano,2014
NT_12_2014,analisa,Seara
NT_12_2014,mercado_relevante,pratos prontos brasileiro em resposta
Brasília,autor_de,NT_12_2014
NT_12_2014,aplica_metodologia,Preço
NT_12_2015,processo,08700.010224/2014-58
NT_12_2015,ano,2015
NT_12_2015,analisa,Univation
CADE buscar,autor_de,NT_12_2015
CADE acerca da operação em questão é que h,autor_de,NT_12_2015
NT_12_2015,aplica_metodologia,Preço
NT_12_2015,aplica_metodologia,Upstream
NT_12_2015,aplica_metodologia,Downstream
NT_12_2015,tipo_operacao,Joint Venture
NT_13,processo,08700.009924/2013-19
NT_13,ano,2018
NT_13,analisa,Videolar S.A
NT_13,analisa,Petróleo Brasileiro S.A
NT_13,analisa,Petrobras e Innova S.A
NT_13,analisa,Innova S.A
NT_13,mercado_relevante,que se deu a operação
analisar,autor_de,NT_13
NT_13,aplica_metodologia,Eficiências
NT_13,aplica_metodologia,Preço
NT_14,processo,08700.005700/2021-48
NT_14,processo,08700.000149/2021-46
NT_14,processo,08700.003654/2021-42
NT_14,processo,08700.006858/2016-78
NT_14,analisa,SAS Shipping Agencies Services SÀRS
NT_14,analisa,Log- In Logística Intermodal S.A
NT_14,analisa,MSC Mediterranean Shipping Company Holding S.A
NT_14,analisa,Guia H
NT_14,analisa,Log-In Logística Intermodal S.A
NT_14,mercado_relevante,cabotagem nacional
NT_14,mercado_relevante,cabotagem
"CADE

VERSÃO PÚBLICA

Referência",autor_de,NT_14
NT_14,aplica_metodologia,Eficiências
NT_14,aplica_metodologia,Cadeia Produtiva
NT_14,tipo_operacao,Aquisição
NT_15_2016,processo,08700.010790/2015-41
NT_15_2016,ano,2016
NT_15_2016,analisa,Bradesco
NT_15_2016,analisa,HSBC Brasil
NT_15_2016,analisa,HSBC Bank Brasil S.A
NT_15_2016,analisa,HSBC Serviços e Participações Ltda
NT_15_2016,analisa,Banco Bradesco S.A
CADE baseiam,autor_de,NT_15_2016
em an,autor_de,NT_15_2016
NT_15_2016,aplica_metodologia,GUPPI
NT_15_2016,aplica_metodologia,CPPI
NT_15_2016,aplica_metodologia,Efeitos Unilaterais
NT_15_2016,aplica_metodologia,Efeitos Coordenados
NT_15_2016,aplica_metodologia,Eficiências
NT_15_2016,aplica_metodologia,Preço
NT_15,processo,08700.005936/2022-65
NT_15,analisa,HNK BR Indústria de Bebidas Ltda
NT_15,analisa,Ambev S.A
NT_15,analisa,Ambev ou representada
Gustavo Augusto Freitas de Lima,autor_de,NT_15
fez um segundo pedido ao DEE,autor_de,NT_15
analisou v,autor_de,NT_15
fizesse an,autor_de,NT_15
NT_15,processo,08700.001128/2023-18
NT_15,analisa,Vigor
NT_15,analisa,Danone
NT_15,analisa,Dairy Partners Americanas Brasil Ltda
NT_15,analisa,Vigor Alimentos S.A
NT_15,analisa,Danone Ltda
NT_15,analisa,Dairy Partners Americas Brasil Ltda
"CADE

VERSÃO PÚBLICA

Referência",autor_de,NT_15
NT_15,aplica_metodologia,GUPPI
NT_15,aplica_metodologia,Efeitos Unilaterais
NT_15,aplica_metodologia,Preço
NT_16_2016,ano,2004
NT_16_2016,analisa,Nestlé Brasil Ltda
NT_16_2016,mercado_relevante,chocolates e avaliação da
NT_16_2016,mercado_relevante,chocolates se alterou significantemente nos
NT_16_2016,mercado_relevante,chocolates passou por
NT_16_2016,mercado_relevante,chocolates
NT_16_2016,mercado_relevante,coberturas de chocolate
NT_16_2016,mercado_relevante,chocolates sob todas as formas
NT_16_2016,mercado_relevante,grandes indústrias envolvidas no ato de concentração
NT_16_2016,mercado_relevante,chocolate de alta qualidade
NT_16_2016,mercado_relevante,demanda muito suscetível às variações
NT_16_2016,mercado_relevante,boutiques de chocolate
NT_16_2016,mercado_relevante,chocolates premium a um ritmo superior ao da expansão do
definiu  os  seguintes  mercados  relevantes,autor_de,NT_16_2016
NT_16_2016,aplica_metodologia,Regressão
NT_16_2016,aplica_metodologia,Elasticidade
NT_16_2016,aplica_metodologia,Eficiências
NT_16_2016,aplica_metodologia,Poder de Mercado
NT_16_2016,aplica_metodologia,Barreiras à Entrada
NT_16_2016,aplica_metodologia,Preço
NT_16,processo,08700.009924/2013-19
NT_16,analisa,Videolar S.A
NT_16,analisa,Petróleo Brasileiro S.A
NT_16,analisa,Petrobras e Innova S.A
do Conselheiro Sérgio Costa Ravagnani,autor_de,NT_16
muito bem esclareceu em seu voto,autor_de,NT_16
CADE e reforçam os resultados previamente apresentados,autor_de,NT_16
CADE e reforçando os resultados previamente apresentados,autor_de,NT_16
como uma vari,autor_de,NT_16
por usar a série de preço do monômero de es,autor_de,NT_16
NT_16,aplica_metodologia,Eficiências
NT_16,aplica_metodologia,Preço
NT_17_2014,processo,08700.009924/2013-19
NT_17_2014,ano,2014
Brasília,autor_de,NT_17_2014
sobre estes pontos levantados,autor_de,NT_17_2014
NT_17_2014,aplica_metodologia,Preço
NT_18_2015,processo,08700.009465/2014-54
NT_18_2015,ano,2015
NT_18_2015,analisa,DG Comp
NT_18_2015,analisa,Monts Holdings S.A
NT_18_2015,analisa,Terminal de Cargas de Sarzedo Ltda
NT_18_2015,analisa,Terminal de Cargas de Paraopeba Ltda
NT_18_2015,analisa,Mineração Usiminas S.A
NT_18_2015,mercado_relevante,um dos elos da cadeia
NT_18_2015,mercado_relevante,terminais de embarque de minério na região de Serra Azul deve ser alta
NT_18_2015,mercado_relevante,terminais intermodais não privativos da Região de Serra Azul
Conselheiro M,autor_de,NT_18_2015
NT_18_2015,aplica_metodologia,Poder de Mercado
NT_18_2015,aplica_metodologia,Preço
NT_18_2015,aplica_metodologia,Cadeia Produtiva
NT_18,processo,08700.000166/2018-88
NT_18,processo,08700.002165/2017-97
NT_18,processo,08700.006444/2016-49
NT_18,analisa,Segurança e Transporte de Valores Ltda
NT_18,analisa,Rodoban Transportes Terrestres e Aéreos Ltda
NT_18,analisa,Rodoban Segurança e Transporte de Valores Ltda
NT_18,analisa,Rodoban Serviços e Sistemas de Segurança Ltda
NT_18,mercado_relevante,avaliação e na avaliação de se essas características permitiriam uma maior coordenação em virtude da concretização do AC aqui avaliado
NT_18,mercado_relevante,empresas no período analisado
utilizando dados da RAIS,autor_de,NT_18
utilizando dados de ofícios,autor_de,NT_18
"utilizando dados de ofícios 

Das Figuras",autor_de,NT_18
NT_18,aplica_metodologia,Efeitos Coordenados
NT_18,aplica_metodologia,Poder de Mercado
NT_18,aplica_metodologia,Preço
NT_18,tipo_operacao,Aquisição
NT_19_2015,processo,08700.009988/2014-09
NT_19_2015,processo,08012.010195/2004-19
NT_19_2015,processo,08012.004423/2009-18
NT_19_2015,processo,08012.003189/2009-10
NT_19_2015,ano,2015
NT_19_2015,analisa,Tigres S/A
NT_19_2015,analisa,Tubos e Conexões e Condor Pincéis Ltda
NT_19_2015,analisa,Ato de Concentração envolvendo as empresas Tigre S/A
NT_19_2015,mercado_relevante,broxas
NT_19_2015,mercado_relevante,produtos homogêneos
NT_19_2015,mercado_relevante,bens diferenciados do que mercado de bens homogêneos
NT_19_2015,mercado_relevante,pincéis pode ser lucrativo ainda que eventualmente existam importações neste mercado ou que existam agentes que se utilizem das importações como insumo de seus serviços ou de seus produtos
NT_19_2015,mercado_relevante,estudo
NT_19_2015,mercado_relevante,agentes já estabelecidos
NT_19_2015,mercado_relevante,rolos
NT_19_2015,mercado_relevante,broxas é maior qu
NT_19_2015,mercado_relevante,pincéis
NT_19_2015,mercado_relevante,pincéis artísticos
ou o CADE,autor_de,NT_19_2015
realizou a estimação da elasticidade de fato,autor_de,NT_19_2015
a realizar um segundo modelo,autor_de,NT_19_2015
não conseguiu obter estimativas razo,autor_de,NT_19_2015
NT_19_2015,aplica_metodologia,SSNIP
NT_19_2015,aplica_metodologia,Regressão
NT_19_2015,aplica_metodologia,Elasticidade
NT_19_2015,aplica_metodologia,Efeitos Unilaterais
NT_19_2015,aplica_metodologia,Eficiências
NT_19_2015,aplica_metodologia,Concentração
NT_19_2015,aplica_metodologia,Poder de Mercado
NT_19_2015,aplica_metodologia,Barreiras à Entrada
NT_19_2015,aplica_metodologia,Preço
NT_19_2017,ano,2014
NT_19_2017,analisa,Mataboi Alimentos Ltda
NT_19_2017,analisa,Fratelli Dorazio Investimentos S.A
NT_19_2017,mercado_relevante,refrigerantes
Presidente  do  Frigorífico Mataboi,autor_de,NT_19_2017
Executivo da JBS até janeiro de,autor_de,NT_19_2017
"CADE

Autos n",autor_de,NT_19_2017
"ser
necess",autor_de,NT_19_2017
"o direito de aperfeiçoar sua
an",autor_de,NT_19_2017
NT_19_2017,aplica_metodologia,HHI
NT_19_2017,aplica_metodologia,Eficiências
NT_19_2017,aplica_metodologia,Poder de Mercado
NT_19_2017,aplica_metodologia,Preço
NT_20,processo,08700.003662/2018-93
NT_20,processo,08012.002734/2005-19
NT_20,processo,08700.002165/2017-97
NT_20,processo,08700.006444/2016-49
NT_20,ano,2013
NT_20,analisa,Prosegur
NT_20,analisa,Prosegur Brasil S.A
NT_20,analisa,Segurança e Transfederal Transporte de Valores Ltda
NT_20,analisa,Transfederal Transporte de Valores Ltda
NT_20,analisa,Vigilância e Transporte de Valores Ltda
NT_20,analisa,Remmo Participações S.A
NT_20,mercado_relevante,transporte e custódia de valores
NT_20,mercado_relevante,os estados em que há sobreposição entre
NT_20,mercado_relevante,a empresa fusionada de modo que posse adotar estratégias como elevação de
NT_20,mercado_relevante,empresas tem longa
NT_20,mercado_relevante,que empresas locais podem concorrer
NT_20,mercado_relevante,custódia e transporte de
NT_20,mercado_relevante,termos do faturamento total nos
NT_20,mercado_relevante,transporte e
"CADE

Referência",autor_de,NT_20
utilizando dados da RAIS,autor_de,NT_20
utilizando dados de ofícios,autor_de,NT_20
utilizando dados de ofícios e baseado na Figura,autor_de,NT_20
NT_20,aplica_metodologia,CPPI
NT_20,aplica_metodologia,Efeitos Unilaterais
NT_20,aplica_metodologia,Poder de Mercado
NT_20,aplica_metodologia,Preço
NT_20,tipo_operacao,Aquisição
NT_20,processo,08700.006345/2018-29
NT_20,processo,08700.006340/2018-04
NT_20,processo,08700.006349/2018-15
NT_20,processo,08700.006350/2018-31
NT_20,processo,08700.006816/2018-07
NT_20,processo,08700.000018/2015-11
NT_20,processo,08012.005328/2009-31
NT_20,processo,08700.009363/2015-10
NT_20,processo,08012.004089/2009-01
NT_20,processo,08700.004410/2014-58
NT_20,processo,08700.003240/2009-27
NT_20,processo,08700.003900/2009-70
NT_20,processo,08012.006209/2010-30
NT_20,processo,08700.006078/2014-66
NT_20,processo,08700.009515/2014-01
NT_20,processo,08700.008213/2015-99
NT_20,processo,08700.001861/2016-03
NT_20,processo,08700.001845/2017-93
NT_20,processo,08700.003613/2017-70
NT_20,processo,08700.001844/2017-49
NT_20,processo,08700.003614/2017-14
NT_20,processo,08700.001860/2016-51
NT_20,processo,08700.003638/2018-54
NT_20,processo,08700.005211/2018-91
NT_20,processo,08700.005212/2018-35
NT_20,processo,08700.005251/2018-32
NT_20,processo,08700.091390/2017-14
NT_20,analisa,Itaú Unibanco S.A
NT_20,analisa,Ticket Serviços S.A
NT_20,analisa,Acesso exclusivo CADE
NT_20,analisa,Ticket
NT_20,mercado_relevante,captação
NT_20,mercado_relevante,captura de crédito e débito
NT_20,mercado_relevante,débito e crédito de forma indireta
NT_20,mercado_relevante,vários lados comuns funcionam
NT_20,mercado_relevante,vouchers e de captura de transações
NT_20,mercado_relevante,captura por tipo de voucher
NT_20,mercado_relevante,captura de crédito
NT_20,mercado_relevante,captura
NT_20,mercado_relevante,crédito e débito vis-à-vis o uso de sua máquina original
NT_20,mercado_relevante,origem e destino na metodologia de aritmética vertical
NT_20,mercado_relevante,vouchers
NT_20,mercado_relevante,captura de vouchers
NT_20,mercado_relevante,credenciamento e captura de transações
NT_20,mercado_relevante,captura de vouchers conjuntamente com o mercado de captura de crédito e débito
NT_20,mercado_relevante,adquirência elaborados pela Superintendência-Geral e utilizados no exemplo anterior
NT_20,mercado_relevante,voucher
NT_20,mercado_relevante,captura de transações com cartões de débito e crédito
NT_20,mercado_relevante,cartões de pagamento revela que práticas de discriminação anticompetitiva são recorrentes nesse setor
referiu que,autor_de,NT_20
e referida na introdução desta nota,autor_de,NT_20
não pressupõe coordenação após o,autor_de,NT_20
preocupa,autor_de,NT_20
apresentar sua visão a respeito do presente caso,autor_de,NT_20
em relação ao presente caso,autor_de,NT_20
Todavia,autor_de,NT_20
Assim como pode ser observado na figura acima,autor_de,NT_20
A única bandeira que trouxe,autor_de,NT_20
Por fim,autor_de,NT_20
Como é possível inferir das figuras acima,autor_de,NT_20
Desse montante,autor_de,NT_20
Apesar de não representadas acima,autor_de,NT_20
realizar uma an,autor_de,NT_20
A respeito dos dados obtidos,autor_de,NT_20
Separando as receitas por tipo de voucher,autor_de,NT_20
Em Vale,autor_de,NT_20
E veja que em vale transporte a situação j,autor_de,NT_20
Em que pese as receitas de Vale,autor_de,NT_20
Maiores considerações exploratórias,autor_de,NT_20
Frise,autor_de,NT_20
Assim,autor_de,NT_20
referiu ser necess,autor_de,NT_20
Desse modo,autor_de,NT_20
Tomando como referência o esquema acima,autor_de,NT_20
Assinado eletronicamente no DOC SEI,autor_de,NT_20
Códigos,autor_de,NT_20
NT_20,aplica_metodologia,GUPPI
NT_20,aplica_metodologia,Elasticidade
NT_20,aplica_metodologia,Efeitos Coordenados
NT_20,aplica_metodologia,Eficiências
NT_20,aplica_metodologia,Concentração
NT_20,aplica_metodologia,Barreiras à Entrada
NT_20,aplica_metodologia,Upstream
NT_20,aplica_metodologia,Downstream
NT_21_2014,processo,08700.000344/2014-47
NT_21_2014,ano,2014
NT_21_2014,analisa,Fosbrasil
NT_21_2014,analisa,Operação
NT_21_2014,analisa,Bromisa Industrial e Comercial Ltda
NT_21_2014,analisa,ICL Brasil Ltda
NT_21_2014,analisa,Fosbrasil S.A
"Versão PÚBLICA

Ato de Concentração n",autor_de,NT_21_2014
NT_21_2014,aplica_metodologia,Eficiências
NT_21_2014,aplica_metodologia,Preço
NT_21_2014,tipo_operacao,Aquisição
NT_22,processo,08700.006512/2021-37
NT_22,processo,08700.002715/2019-30
NT_22,processo,08700.006444/2016-49
NT_22,processo,08700.012337/2015-79
NT_22,processo,08700.004358/2018-63
NT_22,processo,08700.009479/2013-97
NT_22,processo,08700.003683/2016-47
NT_22,processo,08700.008064/2017-20
NT_22,processo,08700.002354/2018-41
NT_22,processo,08700.005825/2018-72
NT_22,processo,08700.003321/2019-07
NT_22,processo,08700.007446/2018-17
NT_22,processo,08700.001008/2019-26
NT_22,processo,08700.003873/2019-15
NT_22,processo,08700.005069/2019-62
NT_22,processo,08700.005880/2019-43
NT_22,processo,08700.004067/2021-71
NT_22,processo,08700.005299/2021-46
NT_22,processo,08700.005843/2021-50
NT_22,processo,08012.008685/2007-90
NT_22,processo,08012.014090/2007-73
NT_22,processo,08012.000777/2011-16
NT_22,processo,08700.000419/2015-71
NT_22,processo,08012.004482/2011-19
NT_22,processo,08012.003535/2001-20
NT_22,analisa,Ream Participações S.A
NT_22,analisa,Distribuidora de Petróleo S.A
NT_22,mercado_relevante,distribuição de GLP por meio da Liquigás
NT_22,mercado_relevante,outras distribuidoras
NT_22,mercado_relevante,diesel B
NT_22,mercado_relevante,distribuição de diesel B na Região Norte e não seria capaz de especificar óleo diesel de acordo com determinações da ANP
NT_22,mercado_relevante,distribuição de diesel B decorrente da operação e ser improvável que tal sobreposição venha a ocorrer em curto e médio prazo
NT_22,mercado_relevante,terminais portuários para
NT_22,mercado_relevante,terminais portuários
NT_22,mercado_relevante,refino no contexto da análise dos desinvestimentos no parque de refino da Petrobras
NT_22,mercado_relevante,refino e sua possível segmentação
NT_22,mercado_relevante,refino de petróleo e seus derivados foi definido predominantemente na dimensão geográfica como regional
NT_22,mercado_relevante,abastecimento de veículos automotores
NT_22,mercado_relevante,refino
NT_22,mercado_relevante,distribuição do Pará se comprovou bastante reduzida
NT_22,mercado_relevante,terminais envolvido na operação
NT_22,mercado_relevante,distribuição
ao longo da presente nota técnica deixa claro que an,autor_de,NT_22
esclarece que an,autor_de,NT_22
a partir de dados da ANP,autor_de,NT_22
com base nos dados da ANP,autor_de,NT_22
analisa esse cen,autor_de,NT_22
NT_22,aplica_metodologia,HHI
NT_22,aplica_metodologia,Concentração
NT_22,aplica_metodologia,Preço
NT_22,aplica_metodologia,Cadeia Produtiva
NT_22,aplica_metodologia,Downstream
NT_22,tipo_operacao,Aquisição
NT_23_2014,processo,08700.004185/2014-50
NT_23_2014,ano,2012
NT_23_2014,analisa,Continental Aktiengesellschaft
NT_23_2014,mercado_relevante,concorrência privada
NT_23_2014,mercado_relevante,licitação ser tão
NT_23_2014,mercado_relevante,concorrentes
NT_23_2014,mercado_relevante,leilões com o mercado regular
NT_23_2014,mercado_relevante,empresas com restrição de
NT_23_2014,mercado_relevante,molas pneumáticas
NT_23_2014,mercado_relevante,correias de transmissão de potência para produtos automotivos
NT_23_2014,mercado_relevante,CVB Aço
NT_23_2014,mercado_relevante,CVB Têxtil
NT_23_2014,mercado_relevante,que aparenta existir alguma rivalidade
NT_23_2014,mercado_relevante,alto
"Versão PÚBLICA

Ato de Concentração n",autor_de,NT_23_2014
procedimento formal de aquisição dos produtos,autor_de,NT_23_2014
Tabela,autor_de,NT_23_2014
CADE com base no estudo da OCDE,autor_de,NT_23_2014
consumidores,autor_de,NT_23_2014
demandam software a partir de editais privados,autor_de,NT_23_2014
impactar  bastante  a  forma  de  avaliação  do  cen,autor_de,NT_23_2014
Figura,autor_de,NT_23_2014
"CADE

Tabela",autor_de,NT_23_2014
"CADE

Prob",autor_de,NT_23_2014
Veyance  disse  ter  participado,autor_de,NT_23_2014
"CADE

Variação",autor_de,NT_23_2014
Ou  seja,autor_de,NT_23_2014
parece baixar o lance do Veyance,autor_de,NT_23_2014
analisado,autor_de,NT_23_2014
"CADE

Em que pese
baixa intersecção",autor_de,NT_23_2014
"CADE

Brasília",autor_de,NT_23_2014
NT_23_2014,aplica_metodologia,HHI
NT_23_2014,aplica_metodologia,Regressão
NT_23_2014,aplica_metodologia,Elasticidade
NT_23_2014,aplica_metodologia,Eficiências
NT_23_2014,aplica_metodologia,Concentração
NT_23_2014,aplica_metodologia,Barreiras à Entrada
NT_23_2014,aplica_metodologia,Preço
NT_23_2014,tipo_operacao,Aquisição
NT_24_2014,processo,08700.000436/2014-27
NT_24_2014,ano,2014
NT_24_2014,analisa,Difference-in-Differences
NT_24_2014,analisa,Requerentes
NT_24_2014,analisa,Pública
NT_24_2014,analisa,Solvay S.A
NT_24_2014,analisa,Braskem S.A
Nota Técnica n,autor_de,NT_24_2014
NT_24_2014,aplica_metodologia,Preço
NT_24_2014,tipo_operacao,Aquisição
NT_24,processo,08700.002855/2022-11
NT_24,processo,08700.002864/2022-02
NT_24,processo,08700.003554/2022-05
NT_24,processo,08700.002865/2022-49
NT_24,processo,08700.002866/2022-93
NT_24,processo,08700.008857/2014-04
NT_24,processo,08700.001097/2017-49
NT_24,analisa,A presente operação consiste na parceria comercial entre GDM Genética do Brasil S.A
NT_24,analisa,Autos principais públicos
NT_24,analisa,GDM Genética do Brasil S.A
NT_24,mercado_relevante,sementes de soja no Brasil
NT_24,mercado_relevante,Mercado de Soja
NT_24,mercado_relevante,comercialização dos demais mercados
NT_24,mercado_relevante,requerentes por município e microrregião
apresentar,autor_de,NT_24
"CADE 

Assinado eletronicamente DOCSEI",autor_de,NT_24
NT_24,aplica_metodologia,HHI
NT_24,aplica_metodologia,SSNIP
NT_24,aplica_metodologia,Concentração
NT_24,aplica_metodologia,Preço
NT_24,aplica_metodologia,Cadeia Produtiva
NT_24,aplica_metodologia,Downstream
NT_25_2017,processo,08700.006444/2016-49
NT_25_2017,ano,2015
NT_25_2017,analisa,Ipiranga Produtos de Petróleo S.A
NT_25_2017,analisa,Alesat Combustíveis S.A
NT_25_2017,analisa,Ale Combustíveis S.A
NT_25_2017,analisa,Alecred Promotora de Negócios de Crédito Ltda
NT_25_2017,analisa,Alesat Comercial Importações e Exportações Ltda
NT_25_2017,mercado_relevante,produtos diferenciados
NT_25_2017,mercado_relevante,distribuição
NT_25_2017,mercado_relevante,questão já é bastante concentrado
NT_25_2017,mercado_relevante,Derivados de Petróleo
com base em dados do,autor_de,NT_25_2017
NT_25_2017,aplica_metodologia,GUPPI
NT_25_2017,aplica_metodologia,HHI
NT_25_2017,aplica_metodologia,CPPI
NT_25_2017,aplica_metodologia,Elasticidade
NT_25_2017,aplica_metodologia,Efeitos Unilaterais
NT_25_2017,aplica_metodologia,Efeitos Coordenados
NT_25_2017,aplica_metodologia,Eficiências
NT_25_2017,aplica_metodologia,Concentração
NT_25_2017,aplica_metodologia,Preço
NT_25_2017,tipo_operacao,Fusão
NT_25_2017,tipo_operacao,Aquisição
NT_26,processo,08700.000149/2021-46
NT_26,ano,2019
NT_26,analisa,Unidas
NT_26,analisa,Localiza
NT_26,mercado_relevante,Rent a Car (RAC)
NT_26,mercado_relevante,questão
NT_26,mercado_relevante,veículos novos não parece coincidir com aquele que a teoria
NT_26,mercado_relevante,Rent a Car (RAC)
NT_26,mercado_relevante,locadoras na franja e o número de concorrentes na franja
NT_26,mercado_relevante,locadoras presentes na franja e o
NT_26,mercado_relevante,franja
NT_26,mercado_relevante,carros usados é amplo e pulverizado
NT_26,mercado_relevante,veículos novos não parece coincidir com uma estrutura de mercado que resulte
do Parecer Econômico,autor_de,NT_26
ainda a,autor_de,NT_26
"CADE

Processo",autor_de,NT_26
CADE na presente an,autor_de,NT_26
CADE avaliou as demonstrações,autor_de,NT_26
CADE compreendem custos que variam entre,autor_de,NT_26
CADE avaliou o custo anual e o percentual das e,autor_de,NT_26
CADE  compreendem  custos  que  variam  entre,autor_de,NT_26
"CADE
compreendem custos que variam entre",autor_de,NT_26
NT_26,aplica_metodologia,HHI
NT_26,aplica_metodologia,Regressão
NT_26,aplica_metodologia,Poder de Mercado
NT_26,aplica_metodologia,Preço
NT_28_2017,processo,08700.001390/2017-14
NT_28_2017,ano,2017
NT_28_2017,analisa,ABRATEL
NT_28_2017,mercado_relevante,análise
também ser,autor_de,NT_28_2017
concluiu que h,autor_de,NT_28_2017
a concluir desta forma encontram,autor_de,NT_28_2017
NT_28_2017,aplica_metodologia,Preço
NT_28_2017,tipo_operacao,Aquisição
NT_28_2017,tipo_operacao,Associação
NT_29_2017,processo,08700.002155/2017-51
NT_29_2017,processo,08700.002191/2017-15
NT_29_2017,processo,08012.004423/2009-18
NT_29_2017,processo,08012.006019/2002-11
NT_29_2017,processo,08700.003067/2009-67
NT_29_2017,processo,08012.006043/2008-37
NT_29_2017,processo,08012.002568/2005-51
NT_29_2017,processo,08000.009354/1997-82
NT_29_2017,processo,08012.011345/2006-65
NT_29_2017,processo,08012.000637/2009-45
NT_29_2017,processo,08012.008355/2008-85
NT_29_2017,processo,08012.005777/2008-07
NT_29_2017,processo,08012.008939/2008-51
NT_29_2017,processo,08012.005882/2008-38
NT_29_2017,processo,08012.001271/2001-44
NT_29_2017,ano,2017
NT_29_2017,analisa,Companhia Ultragaz S.A
NT_29_2017,analisa,Distribuidora S.A
NT_29_2017,analisa,Petrobras S.A
NT_29_2017,mercado_relevante,geral de envasados e de granel
NT_29_2017,mercado_relevante,distribuição de GLP na região do Triângulo Mineiro
NT_29_2017,mercado_relevante,distribuição de GLP no Estado do Pará
NT_29_2017,mercado_relevante,GLP envasado possui praticamente todas as características que tornam um mercado propício a condutas paralelas
NT_29_2017,mercado_relevante,GLP Envasado
NT_29_2017,mercado_relevante,GLP Granel
NT_29_2017,mercado_relevante,granel quanto para o de envasado
NT_29_2017,mercado_relevante,estudo
NT_29_2017,mercado_relevante,suco de laranja
buscou debater tanto a mensuração das eficiências,autor_de,NT_29_2017
realizou diversos cen,autor_de,NT_29_2017
com base nos documentos referidos em anexo,autor_de,NT_29_2017
com base nos dados fornecidos pelos agentes de mercado,autor_de,NT_29_2017
avaliar o nível de suficiência das eficiências alegadas,autor_de,NT_29_2017
deva aceitar ou rejeitar tais eficiências,autor_de,NT_29_2017
acordo com o que se verifica na tabela acima,autor_de,NT_29_2017
com base nos dados dos autos,autor_de,NT_29_2017
a partir de dados da ANP e das empresas,autor_de,NT_29_2017
"a partir de dados da ANP e das empresas 

Em suma",autor_de,NT_29_2017
segundo dados do Sindig,autor_de,NT_29_2017
a partir de dados da ANP,autor_de,NT_29_2017
a partir de dados das empresas,autor_de,NT_29_2017
NT_29_2017,aplica_metodologia,GUPPI
NT_29_2017,aplica_metodologia,HHI
NT_29_2017,aplica_metodologia,CPPI
NT_29_2017,aplica_metodologia,SSNIP
NT_29_2017,aplica_metodologia,Regressão
NT_29_2017,aplica_metodologia,Elasticidade
NT_29_2017,aplica_metodologia,Efeitos Unilaterais
NT_29_2017,aplica_metodologia,Efeitos Coordenados
NT_29_2017,aplica_metodologia,Eficiências
NT_29_2017,aplica_metodologia,Poder de Mercado
NT_29_2017,aplica_metodologia,Barreiras à Entrada
NT_29_2017,aplica_metodologia,Preço
NT_29_2017,tipo_operacao,Aquisição
NT_29,processo,08700.000472/2020-39
NT_29,ano,2019
NT_29,analisa,Americana S.A
NT_29,analisa,Gerdau Aços Longos S.A
NT_29,analisa,Siderúrgica Latino-Americana S.A
NT_29,analisa,Companhia Siderúrgica do Espírito Santo S.A
"CADE

Processo n",autor_de,NT_29
Ficarão mais claras as mo,autor_de,NT_29
NT_29,aplica_metodologia,Preço
NT_29,tipo_operacao,Aquisição
NT_29,processo,08700.003244/2019-87
NT_29,processo,08700.000166/2018-88
NT_29,processo,08700.003662/2018-93
NT_29,processo,08700.000216/2019-16
NT_29,ano,2018
NT_29,analisa,Prosegur Brasil Transportadora de Valores e Segurança S.A
NT_29,analisa,Transvip - Transporte de Valores e Vigilância Patrimonial Ltda
NT_29,analisa,"Esta operação refere-se
à proposta de aquisição pela Prosegur Brasil Transportadora de Valores e Segurança S/A"
NT_29,analisa,Prosegur
NT_29,analisa,Transvip
NT_29,analisa,Brasil Transportadora de Valores e Segurança S.A
NT_29,analisa,Valores e Vigilância Patrimonial Ltda
NT_29,analisa,Brasil Transportadora de Valores e Segurança S/A
NT_29,analisa,Transporte de Valores e Vigilância Patrimonial Ltda
NT_29,mercado_relevante,transporte de valores
NT_29,mercado_relevante,questão produziu algum efeito
NT_29,mercado_relevante,transporte e custódia de valores - estado de
NT_29,mercado_relevante,transporte e custódia de valores - estado do
NT_29,mercado_relevante,transporte de valores no escopo da Nota
NT_29,mercado_relevante,São Paulo (Geográfico)
NT_29,mercado_relevante,cada uma das empresas
NT_29,mercado_relevante,nível nacional e também que se leve em consideração essas
"CADE

Referência",autor_de,NT_29
A Tabela,autor_de,NT_29
A segunda alegação diz respeito a uma possível pr,autor_de,NT_29
CADE  da  operação  Brink,autor_de,NT_29
"CADE

Assinado eletronicamente",autor_de,NT_29
NT_29,aplica_metodologia,HHI
NT_29,aplica_metodologia,Regressão
NT_29,aplica_metodologia,Concentração
NT_2,processo,08700.000869/2015-63
NT_2,processo,08012.009198/2011-21
NT_2,analisa,Acesso restrito ao SBDC e CSN
NT_2,analisa,USIMINAS
NT_2,analisa,Usiminas
NT_2,mercado_relevante,este trimestre
NT_2,mercado_relevante,aço e também da própria
NT_2,mercado_relevante,siderurgia da
"CADE

Processo n",autor_de,NT_2
Passados quase dois anos de deterioração de resultados,autor_de,NT_2
Ampliando o gr,autor_de,NT_2
Em termos de projeções,autor_de,NT_2
NT_2,aplica_metodologia,Barreiras à Entrada
NT_2,aplica_metodologia,Preço
NT_2,processo,08700.002165/2017-97
NT_2,processo,08700.002155/2017-51
NT_2,ano,2016
NT_2,analisa,Votorantim Siderurgia S.A
NT_2,analisa,ArcelorMittal & Votorantim Siderurgia S.A
NT_2,mercado_relevante,barras
NT_2,mercado_relevante,todas as empresas de um dado mercado
NT_2,mercado_relevante,firma i
NT_2,mercado_relevante,barras MBQ que não apresenta nexo de causalidade
NT_2,mercado_relevante,perfis leves ainda tem potencial de gerar preocupações concorrenciais
NT_2,mercado_relevante,estes produtos
NT_2,mercado_relevante,perfis médios
NT_2,mercado_relevante,telas eletrosoldadas é a da Simec
NT_2,mercado_relevante,vergalhão o remédio Silat seria o melhor
NT_2,mercado_relevante,barras MBQ e perfis médios podem ter seus problemas concorrenciais dirimidos com a adoção dos remédios
CADE e no Parecer,autor_de,NT_2
CADE e o Parecer,autor_de,NT_2
não atribuiu pesos aos cen,autor_de,NT_2
não atribuiu pesos a esses cen,autor_de,NT_2
CADE referente ao AC n,autor_de,NT_2
deva aceitar ou rejeitar tais eficiências,autor_de,NT_2
para a fusão sem a adoção de remédios são os que seguem,autor_de,NT_2
não atribuiu peso aos cen,autor_de,NT_2
NT_2,aplica_metodologia,GUPPI
NT_2,aplica_metodologia,HHI
NT_2,aplica_metodologia,Efeitos Unilaterais
NT_2,aplica_metodologia,Efeitos Coordenados
NT_2,aplica_metodologia,Eficiências
NT_2,aplica_metodologia,Poder de Mercado
NT_2,aplica_metodologia,Cadeia Produtiva
NT_2,tipo_operacao,Aquisição
NT_30_2016,ano,2015
NT_30_2016,analisa,Brasil
NT_30_2016,analisa,Hypermarcas S.A
NT_30_2016,mercado_relevante,preservativos masculinos
NT_30_2016,mercado_relevante,lubrificantes íntimos
NT_30_2016,mercado_relevante,preservativos e
NT_30_2016,mercado_relevante,lubrificantes íntimos tais eficiências
NT_30_2016,mercado_relevante,Preservativos
NT_30_2016,mercado_relevante,que há pouca diferenciação entre os produtos
NT_30_2016,mercado_relevante,lubrificantes íntimos que as demais marcas analisadas
NT_30_2016,mercado_relevante,lubrificantes íntimos para os cenários analisados
NT_30_2016,mercado_relevante,lubrificantes íntimos com Vagidrat
NT_30_2016,mercado_relevante,preservativos e de lubrificantes
"CADE

Processo n",autor_de,NT_30_2016
"Cade

  Tabela",autor_de,NT_30_2016
"Cade

No gr",autor_de,NT_30_2016
"Cade

Tabela",autor_de,NT_30_2016
"Cade

Como se observa",autor_de,NT_30_2016
"Cade

Em absolutamente todos os cen",autor_de,NT_30_2016
NT_30_2016,aplica_metodologia,GUPPI
NT_30_2016,aplica_metodologia,Elasticidade
NT_30_2016,aplica_metodologia,Eficiências
NT_30_2016,aplica_metodologia,Concentração
NT_30_2016,aplica_metodologia,Preço
NT_30_2016,tipo_operacao,Aquisição
NT_30_2017,processo,08700.002165/2017-97
NT_30_2017,ano,2014
NT_30_2017,analisa,Votorantim Siderurgia S.A
NT_30_2017,analisa,ArcelorMittal Brasil S.A
NT_30_2017,analisa,Do grupo Votorantim S.A
NT_30_2017,mercado_relevante,sucata
NT_30_2017,mercado_relevante,perfis leves
NT_30_2017,mercado_relevante,vergalhões
NT_30_2017,mercado_relevante,que há pouca diferenciação entre os produtos
NT_30_2017,mercado_relevante,vergalhão tem claros problemas associados a aumento de preço relacionados à operação entre ArcelorMittal e Votorantim
NT_30_2017,mercado_relevante,requerentes são tão consideráveis que ainda se alcançam significativas pressões por aumento de preços
NT_30_2017,mercado_relevante,fio-máquina comum também evidenciam problemas associados às pressões unilaterais de preços
NT_30_2017,mercado_relevante,telas apresenta claros problemas associados às pressões por aumentos de preço de forma unilateral
NT_30_2017,mercado_relevante,treliças não levanta tantas preocupações em termos de pressões de aumento de preços devido à operação
NT_30_2017,mercado_relevante,características que favorecem a coordenação
NT_30_2017,mercado_relevante,cada firma restante
NT_30_2017,mercado_relevante,que ela possui uma participação mais elevada
NT_30_2017,mercado_relevante,que ele tenha incentivos suficientes para manter o conluio nesse mercado
NT_30_2017,mercado_relevante,aço no Brasil indicam que a demanda do aço é inelástica
NT_30_2017,mercado_relevante,questão
NT_30_2017,mercado_relevante,sucata ferrosa
NT_30_2017,mercado_relevante,sucata com possíveis impactos também para os consumidores de aço
NT_30_2017,mercado_relevante,sucata se caracteriza por um oligopsônio no qual operam um número reduzido de consumidores e uma grande quantidade de pequenos fornecedores
NT_30_2017,mercado_relevante,barras
NT_30_2017,mercado_relevante,aços longos no Brasil passou por recentes mudanças que modificaram a estrutura dos mercados
NT_30_2017,mercado_relevante,aços longos
NT_30_2017,mercado_relevante,telecomunicações
NT_30_2017,mercado_relevante,aços longos que favorecem a coordenação
NT_30_2017,mercado_relevante,aços longos comuns
fez dois exercícios,autor_de,NT_30_2017
focou a an,autor_de,NT_30_2017
deva aceitar ou rejeitar tais eficiências,autor_de,NT_30_2017
com dados da RAIS,autor_de,NT_30_2017
NT_30_2017,aplica_metodologia,GUPPI
NT_30_2017,aplica_metodologia,Elasticidade
NT_30_2017,aplica_metodologia,Efeitos Unilaterais
NT_30_2017,aplica_metodologia,Efeitos Coordenados
NT_30_2017,aplica_metodologia,Eficiências
NT_30_2017,aplica_metodologia,Poder de Mercado
NT_30_2017,aplica_metodologia,Barreiras à Entrada
NT_30_2017,aplica_metodologia,Preço
NT_30_2017,aplica_metodologia,Cadeia Produtiva
NT_30_2017,tipo_operacao,Aquisição
NT_30,processo,08700.001134/2020-14
NT_30,processo,08700.006444/2016-49
NT_30,processo,08012.004117/1999-67
NT_30,processo,08012.001697/2002-89
NT_30,processo,08012.008853/2008-28
NT_30,processo,08012.002467/2008-22
NT_30,processo,08700.003978/2012-90
NT_30,processo,08700.000436/2014-27
NT_30,processo,08700.009988/2014-09
NT_30,processo,08700.006185/2016-56
NT_30,processo,08012.005226/2000-88
NT_30,processo,08012.003299/2006-21
NT_30,processo,08012.011047/2004-11
NT_30,processo,08012.001166/2008-81
NT_30,processo,08012.002018/2010-07
NT_30,processo,08012.012185/2011-39
NT_30,processo,08012.011323/2010-81
NT_30,processo,53500.021373/2010-00
NT_30,processo,08012.009198/2011-21
NT_30,processo,08012.011603/2011-71
NT_30,processo,08012.013152/2007-20
NT_30,processo,08012.009497/2010-84
NT_30,processo,08012.005526/2010-39
NT_30,processo,08012.010192/2004-77
NT_30,processo,08012.010195/2004-19
NT_30,processo,08700.010266/2015-70
NT_30,processo,08700.004860/2016-11
NT_30,processo,08700.010790/2015-41
NT_30,ano,2019
NT_30,analisa,Seara Alimentos Ltda
NT_30,analisa,Bunge Alimentos S.A
NT_30,analisa,Sera Alimentos Ltda
NT_30,analisa,Bunge Alimentos
NT_30,analisa,BRF S.A
NT_30,mercado_relevante,maioneses
NT_30,mercado_relevante,margarinas
NT_30,mercado_relevante,uma empresa
NT_30,mercado_relevante,tela
NT_30,mercado_relevante,margarinas no Brasil ao
NT_30,mercado_relevante,margarinas antes da operação
NT_30,mercado_relevante,margarinas antes e depois da
NT_30,mercado_relevante,empresa que trair o acordo colusivo
NT_30,mercado_relevante,empresas que permanecerem no mercado
NT_30,mercado_relevante,relação ao faturamento e em relação ao volume negociado por cada
NT_30,mercado_relevante,questão
NT_30,mercado_relevante,óleos vegetais
"CADE

Processo n",autor_de,NT_30
buscando atender ao Despacho SG N,autor_de,NT_30
NT_30,aplica_metodologia,GUPPI
NT_30,aplica_metodologia,HHI
NT_30,aplica_metodologia,Efeitos Unilaterais
NT_30,aplica_metodologia,Efeitos Coordenados
NT_30,aplica_metodologia,Poder de Mercado
NT_30,aplica_metodologia,Barreiras à Entrada
NT_30,aplica_metodologia,Preço
NT_30,tipo_operacao,Aquisição
NT_30,processo,08700.003959/2022-35
NT_30,processo,08700.003963/2022-01
NT_30,processo,08700.004690/2022-12
NT_30,processo,08700.005948/2022-90
NT_30,processo,08700.005955/2022-91
NT_30,processo,08700.005961/2022-49
NT_30,processo,08700.006063/2022-16
NT_30,processo,08700.006073/2022-43
NT_30,processo,08700.006074/2022-98
NT_30,processo,08700.006075/2022-32
NT_30,processo,08700.006076/2022-87
NT_30,processo,08700.004426/2020-17
NT_30,processo,08700.006345/2018-29
NT_30,processo,08012.009606/2011-44
NT_30,ano,2021
NT_30,analisa,Or São Luiz S.A
NT_30,analisa,Sul América S.A
NT_30,mercado_relevante,estabelecimentos de saúde estando
NT_30,mercado_relevante,varejo
NT_30,mercado_relevante,origem e destino na metodologia de aritmética vertical
NT_30,mercado_relevante,destino da
NT_30,mercado_relevante,destino do fechamento
NT_30,mercado_relevante,decorrência dos impactos do fechamento
NT_30,mercado_relevante,destino do foreclosure
NT_30,mercado_relevante,estabelecimentos de saúde
NT_30,mercado_relevante,origem da conduta é um dos pressupostos
NT_30,mercado_relevante,origem da conduta é pressuposto para haver capacidade de fechamento
NT_30,mercado_relevante,saúde suplementar
NT_30,mercado_relevante,origem da conduta é um dos pressupostos relacionados à
NT_30,mercado_relevante,saúde no
NT_30,mercado_relevante,seguros e as atividades de corretagem de seguros do
NT_30,mercado_relevante,serviços de
NT_30,mercado_relevante,estabelecimentos de saúde no seu processo produtivo
NT_30,mercado_relevante,cuidados à saúde por meio de
NT_30,mercado_relevante,planos de assistência médico-hospitalar nas modalidades coletivo e
"CADE
VERSÃO PÚBLICA
Referência",autor_de,NT_30
Todavia,autor_de,NT_30
Imagine,autor_de,NT_30
NT_30,aplica_metodologia,Eficiências
NT_30,aplica_metodologia,Concentração
NT_30,aplica_metodologia,Upstream
NT_30,aplica_metodologia,Downstream
NT_30,processo,08700.004437/2020-99
NT_30,processo,08700.004438/2020-33
NT_30,processo,08700.004439/2020-88
NT_30,processo,08700.001434/2021-84
NT_30,processo,08700.002085/2021-18
NT_30,analisa,Autos principais públicos
NT_30,analisa,Bus Serviços
NT_30,analisa,Acordo em Controle de Concentração
NT_30,analisa,Bus Serviços de Agendamento S.A
NT_30,analisa,Guichê Virtual Serviços de Internet Ltda
NT_30,analisa,Operadora e da Bus Serviços de Agendamento S.A
NT_30,mercado_relevante,Viações Rodoviárias
Sérgio Costa Ravagnani,autor_de,NT_30
que fosse elaborado parecer para aprofundar a an,autor_de,NT_30
CADE fez uma avaliação de tais integrações,autor_de,NT_30
CADE apresenta algumas crí,autor_de,NT_30
procedesse à avaliação da Hipótese,autor_de,NT_30
CADE procedeu tal avaliação,autor_de,NT_30
CADE  analisou,autor_de,NT_30
NT_32_2017,processo,08700.000524/2015-18
NT_32_2017,processo,08012.002018/2010-07
NT_32_2017,processo,08012.001875/2010-81
NT_32_2017,processo,08012.001879/2010-60
NT_32_2017,processo,08012.002259/2012-18
NT_32_2017,processo,08700.008231/2016-51
NT_32_2017,ano,2017
ou do Superintendente,autor_de,NT_32_2017
foi incumbido,autor_de,NT_32_2017
criou o Processo n,autor_de,NT_32_2017
junto às Faculdades de Engenharia sobre pesquisas,autor_de,NT_32_2017
NT_32_2017,aplica_metodologia,Preço
NT_32,processo,08700.004046/2022-36
NT_32,processo,08700.004088/2022-77
NT_32,processo,08700.005738/2022-00
NT_32,ano,2021
NT_32,analisa,HAPVIDA Assistência Médica S.A
NT_32,analisa,Esmale Assistência Internacional de Saúde Ltda
NT_32,analisa,Hospital João Paulo II Ltda
NT_32,analisa,Mais Saúde Clínica Ltda
NT_32,mercado_relevante,principais operadoras nos mercados relevantes da ANS
NT_32,mercado_relevante,operadoras de planos de saúde
NT_32,mercado_relevante,principais operadoras nos mercados relevantes da ANS afetados pela
"apresenta  alguns
problemas que aquela definição tr",autor_de,NT_32
apresenta a seguinte figura,autor_de,NT_32
"CADE

VERSÃO DE ACESSO PÚBLICO

Referência",autor_de,NT_32
"a
respeito da definição geogr",autor_de,NT_32
CADE e,autor_de,NT_32
NT_32,aplica_metodologia,GUPPI
NT_32,aplica_metodologia,HHI
NT_32,aplica_metodologia,Eficiências
NT_32,aplica_metodologia,Poder de Mercado
NT_32,aplica_metodologia,Preço
NT_33_2017,processo,08700.001097/2017-49
NT_33_2017,ano,2017
NT_33_2017,aplica_metodologia,Poder de Mercado
NT_33_2017,tipo_operacao,Fusão
NT_33_2017,tipo_operacao,Cisão
NT_34,processo,08700.000726/2021-08
NT_34,ano,2014
NT_34,analisa,Claro S.A
NT_34,analisa,Telefônica Brasil S.A
NT_34,analisa,TIM S.A
NT_34,analisa,Requerentes Claro S.A
NT_34,analisa,Oi S.A
NT_34,mercado_relevante,telefonia móvel
NT_34,mercado_relevante,telecomunicações e apresenta os achados da literatura internacional
NT_34,mercado_relevante,telecomunicações e na literatura econômica sobre ela
NT_34,mercado_relevante,telecomunicações
podem ser divididos em dois grupos,autor_de,NT_34
realizou a comparação entre os resultados ob,autor_de,NT_34
A figura,autor_de,NT_34
A relação dos achados por,autor_de,NT_34
https,autor_de,NT_34
NT_34,aplica_metodologia,HHI
NT_34,aplica_metodologia,Regressão
NT_34,aplica_metodologia,Efeitos Unilaterais
NT_34,aplica_metodologia,Efeitos Coordenados
NT_34,aplica_metodologia,Eficiências
NT_34,aplica_metodologia,Concentração
NT_34,aplica_metodologia,Poder de Mercado
NT_34,aplica_metodologia,Barreiras à Entrada
NT_34,aplica_metodologia,Preço
NT_35_2016,processo,08700.004211/2016-10
NT_35_2016,processo,08700.004734/2016-58
NT_35_2016,processo,08700.004219/2016-78
NT_35_2016,processo,08700.003836/2014-94
NT_35_2016,processo,08700.000292/2015-90
NT_35_2016,processo,08700.006571/2015-67
NT_35_2016,processo,08012.011750/2007-64
NT_35_2016,processo,08012.014594/2007-93
NT_35_2016,processo,08700.003462/2016-79
NT_35_2016,processo,08012.001383/2007-91
NT_35_2016,ano,2016
NT_35_2016,analisa,Iberia
NT_35_2016,analisa,British
NT_35_2016,analisa,British e Iberia
NT_35_2016,analisa,TAM Linhas Aéreas S.A
NT_35_2016,mercado_relevante,transporte aéreo de passageiros resulta em apenas duas sobreposições em rotas envolvendo o Brasil
NT_35_2016,mercado_relevante,aviação e amplamente aceitos
"Elvino de
Carvalho Mendonça no",autor_de,NT_35_2016
"CADE

Referência",autor_de,NT_35_2016
fez breves referências à discussão de barreiras à entrada,autor_de,NT_35_2016
NT_35_2016,aplica_metodologia,Elasticidade
NT_35_2016,aplica_metodologia,Eficiências
NT_35_2016,aplica_metodologia,Concentração
NT_35_2016,aplica_metodologia,Poder de Mercado
NT_35_2016,aplica_metodologia,Barreiras à Entrada
NT_35_2016,aplica_metodologia,Preço
NT_35_2016,tipo_operacao,Fusão
NT_37,processo,08700.001846/2020-33
NT_37,processo,08700.001877/2020-94
NT_37,processo,08700.002466/2020-16
NT_37,analisa,Acesso restrito às requerentes
NT_37,analisa,Acesso restrito ao CADE
NT_37,analisa,Hapvida Assistência Médica Ltda
NT_37,analisa,Plamed Plano de Assistência Médica Ltda
NT_37,mercado_relevante,requerentes
NT_37,mercado_relevante,centros médicos e
"CADE

Processo n",autor_de,NT_37
NT_37,aplica_metodologia,HHI
NT_37,aplica_metodologia,Concentração
NT_37,aplica_metodologia,Poder de Mercado
NT_37,aplica_metodologia,Preço
NT_37,tipo_operacao,Aquisição
NT_38_2016,processo,08700.004860/2016-11
NT_38_2016,processo,08700.004865/2016-35
NT_38_2016,processo,08700.004919/2016-62
NT_38_2016,processo,08700.004921/2016-31
NT_38_2016,processo,08700.005686/2016-15
NT_38_2016,processo,08012.005300/2008-13
NT_38_2016,processo,08012.001037/2008-93
NT_38_2016,processo,08012.013152/2007-20
NT_38_2016,processo,08700.003978/2012-90
NT_38_2016,ano,2016
NT_38_2016,analisa,BM&FBOVESPA S.A
NT_38_2016,analisa,CETIP S.A
NT_38_2016,mercado_relevante,balcão
NT_38_2016,mercado_relevante,financiamento de veículos e crédito imobiliário
NT_38_2016,mercado_relevante,liquidação separado do mercado de
NT_38_2016,mercado_relevante,negociação e pouca variação de HHI no mercado de pós-negociação
NT_38_2016,mercado_relevante,transmissão de rádio por satélite
NT_38_2016,mercado_relevante,balcão não organizado brasileiro
NT_38_2016,mercado_relevante,balcão que a CETIP S
NT_38_2016,mercado_relevante,balcão como um todo
NT_38_2016,mercado_relevante,balcão não organizado como um todo
NT_38_2016,mercado_relevante,soluções para o mercado de
refere que a falta de pressão competitiva em alguns setores,autor_de,NT_38_2016
Elvino de Carvalho Mendonça no,autor_de,NT_38_2016
destaca que todos os custos são vari,autor_de,NT_38_2016
destaca que,autor_de,NT_38_2016
executivo de produtos comerciais e marketing da CETIP S,autor_de,NT_38_2016
"CADE

Referência",autor_de,NT_38_2016
focar,autor_de,NT_38_2016
passa,autor_de,NT_38_2016
NT_38_2016,aplica_metodologia,HHI
NT_38_2016,aplica_metodologia,Elasticidade
NT_38_2016,aplica_metodologia,Eficiências
NT_38_2016,aplica_metodologia,Concentração
NT_38_2016,aplica_metodologia,Poder de Mercado
NT_38_2016,aplica_metodologia,Barreiras à Entrada
NT_38_2016,aplica_metodologia,Preço
NT_39,processo,08700.005979/2017-83
NT_39,analisa,Gardênia
NT_39,analisa,União Transporte Interestadual de Luxo S.A
NT_39,analisa,Expresso Gardênia Ltda
NT_39,mercado_relevante,questão é
NT_39,mercado_relevante,transporte de passageiros na seção
"CADE

Referência",autor_de,NT_39
"Cade

Assinado eletronicamente no DOC SEI",autor_de,NT_39
NT_39,aplica_metodologia,Regressão
NT_39,aplica_metodologia,Preço
NT_3,processo,08700.005137/2017-21
NT_3,analisa,Owens-Illinois do Brasil Indústria e Comércio Ltda
NT_3,analisa,Nadir Figueiredo Indústria e Comércio S.A
NT_3,analisa,Wheaton do Brasil S.A
NT_3,analisa,Wheaton
NT_3,mercado_relevante,questão
NT_3,mercado_relevante,utilidades domésticas de vidro
NT_3,mercado_relevante,utilidades domésticas de vidro é composto por produtores locais
NT_3,mercado_relevante,utilidades domésticas é composto por diversos produtos como
NT_3,mercado_relevante,utilidades domésticas de
NT_3,mercado_relevante,agentes evoluíram de forma diferente
NT_3,mercado_relevante,os últimos quatro anos
NT_3,mercado_relevante,utilidades domésticas desagregado por NCMs
NT_3,mercado_relevante,vez de seus valores absolutos
NT_3,mercado_relevante,termos de receita
NT_3,mercado_relevante,o triênio
NT_3,mercado_relevante,que a
NT_3,mercado_relevante,que a NF possui maior participação
NT_3,mercado_relevante,utilidades domésticas de vidros
NT_3,mercado_relevante,copos
"CADE

Referência",autor_de,NT_3
"CADE

Gr",autor_de,NT_3
"CADE

o",autor_de,NT_3
"CADE

os  copos  não  se  beneficiaram  dessas  medidas",autor_de,NT_3
"CADE

da  política",autor_de,NT_3
"CADE

mesma política",autor_de,NT_3
"CADE

Contabilizando os custos de internação",autor_de,NT_3
"CADE

Tabela",autor_de,NT_3
"CADE

caso que após a operação",autor_de,NT_3
"CADE

NCM",autor_de,NT_3
"CADE

fragilidade  dos  resultados  obtidos",autor_de,NT_3
NT_3,aplica_metodologia,Regressão
NT_3,aplica_metodologia,Elasticidade
NT_3,aplica_metodologia,Preço
NT_3,tipo_operacao,Aquisição
NT_40,processo,08700.003662/2018-93
NT_40,analisa,Transfederal Transporte de Valores Ltda
NT_40,analisa,Prosegur
NT_40,analisa,Transfederal
NT_40,analisa,Prosegur Brasil S.A
NT_40,mercado_relevante,transporte de valores - Análise
NT_40,mercado_relevante,transporte de valores - Análise dos
Carlos Ragazzo,autor_de,NT_40
sobre o Ato de Concentração Sadia,autor_de,NT_40
"CADE

Referência",autor_de,NT_40
"CADE

que  trata  do  ato  de  concentração  entre  BM",autor_de,NT_40
NT_40,aplica_metodologia,Regressão
NT_40,aplica_metodologia,Elasticidade
NT_40,aplica_metodologia,Eficiências
NT_40,aplica_metodologia,Poder de Mercado
NT_40,aplica_metodologia,Preço
NT_40,tipo_operacao,Aquisição
NT_41_2016,processo,08700.005683/2016-81
NT_41_2016,processo,08700.005684/2016-26
NT_41_2016,processo,08700.005898/2016-01
NT_41_2016,ano,2016
NT_41_2016,analisa,Argentina e representação no Brasil via SOLVAY INDUPA DO BRASIL S.A
NT_41_2016,analisa,UNIPAR CARBOCLORO S.A
NT_41_2016,analisa,Policloreto de Polivinila
NT_41_2016,analisa,SOLVAY INDUPA S.A
NT_41_2016,analisa,SOLVAY INDUPA DO BRASIL S.A
NT_41_2016,analisa,Brasil via SOLVAY INDUPA DO BRASIL S.A
NT_41_2016,mercado_relevante,soda cáustica
NT_41_2016,aplica_metodologia,Regressão
NT_41_2016,aplica_metodologia,Elasticidade
NT_41_2016,aplica_metodologia,Preço
NT_41_2016,tipo_operacao,Aquisição
NT_44,processo,08700.003594/2021-68
NT_44,processo,08700.007555/2016-72
NT_44,processo,08700.005470/2019-01
NT_44,processo,08700.004151/2012-01
NT_44,processo,08700.002346/2019-85
NT_44,mercado_relevante,cada par formado pelo
NT_44,mercado_relevante,ofertantes são usados como
NT_44,mercado_relevante,requerentes em atos de concentração
NT_44,mercado_relevante,prestadores localizados mais próximos da residência do paciente
NT_44,mercado_relevante,prestadores mais bem localizados
NT_44,mercado_relevante,decorrência do ato é um meio simples de se inferir possíveis problemas concorrenciais
NT_44,mercado_relevante,prestação de saúde nem sempre é
NT_44,mercado_relevante,prestação de serviços de saúde e de planos de saúde
NT_44,mercado_relevante,oncologia variou em casos passados
NT_44,mercado_relevante,prestação de
NT_44,mercado_relevante,saúde
NT_44,mercado_relevante,prestação de serviços de saúde quanto no de planos de saúde
NT_44,mercado_relevante,prestação de serviços de saúde
"CADE

Referência",autor_de,NT_44
sobre a de,autor_de,NT_44
tem  feito  esforço  para,autor_de,NT_44
não  encontrou  mo,autor_de,NT_44
NT_44,aplica_metodologia,Poder de Mercado
NT_44,aplica_metodologia,Preço
NT_47,processo,08700.002569/2020-86
NT_47,ano,2019
NT_47,analisa,Tupy S.A
NT_47,mercado_relevante,componentes de ferro fundido
NT_47,mercado_relevante,questão
NT_47,mercado_relevante,veículos leves e de passeio
NT_47,mercado_relevante,verificar como os concorrentes e os clientes das empresas requerentes percebem as importações de cabeçotes e blocos para motor
NT_47,mercado_relevante,boi gordo em Minas Gerais e São Paulo
NT_47,mercado_relevante,fundição
NT_47,mercado_relevante,veículos de passeio
teve como objeto a an,autor_de,NT_47
reuniu as respostas dos clientes das fundições no Quadro,autor_de,NT_47
entende que o teste de Forni,autor_de,NT_47
buscando atender ao DESPACHO SG N,autor_de,NT_47
NT_47,aplica_metodologia,Regressão
NT_47,aplica_metodologia,Barreiras à Entrada
NT_47,aplica_metodologia,Preço
NT_47,tipo_operacao,Aquisição
NT_02_2015,preocupacao,poder de mercado
NT_02_2015,preocupacao,concentração horizontal
NT_05_2017,preocupacao,efeitos unilaterais
NT_05_2017,preocupacao,efeitos coordenados
NT_05_2017,preocupacao,poder de mercado
NT_07_2016,mercado_relevante,Ferro de Silício
NT_07_2017,preocupacao,barreiras à entrada
NT_07_2017,preocupacao,concentração horizontal
NT_07,mercado_relevante,Planos de Saúde
NT_07,mercado_relevante,Planos de Saúde
NT_07,preocupacao,efeitos unilaterais
NT_07,preocupacao,barreiras à entrada
NT_07,preocupacao,poder de mercado
NT_07,preocupacao,participação relevante
NT_07,preocupacao,fechamento de mercado
NT_07,preocupacao,concentração horizontal
NT_07,preocupacao,concentração vertical
NT_10_2016,preocupacao,efeitos unilaterais
NT_10_2016,preocupacao,efeitos coordenados
NT_10,preocupacao,barreiras à entrada
NT_10,preocupacao,poder de mercado
NT_10,preocupacao,fechamento de mercado
NT_12_2014,mercado_relevante,Pratos Prontos
NT_12_2015,preocupacao,fechamento de mercado
NT_14,preocupacao,concentração horizontal
NT_14,preocupacao,conglomerado
NT_15_2016,preocupacao,efeitos unilaterais
NT_15_2016,preocupacao,efeitos coordenados
NT_15,preocupacao,fechamento de mercado
NT_15,preocupacao,efeitos unilaterais
NT_16_2016,preocupacao,barreiras à entrada
NT_16_2016,preocupacao,poder de mercado
NT_18_2015,preocupacao,poder de mercado
NT_18_2015,preocupacao,fechamento de mercado
NT_18,preocupacao,efeitos coordenados
NT_18,preocupacao,poder de mercado
NT_18,preocupacao,concentração horizontal
NT_19_2015,preocupacao,prejuízo à concorrência
NT_19_2015,preocupacao,efeitos unilaterais
NT_19_2015,preocupacao,barreiras à entrada
NT_19_2015,preocupacao,poder de mercado
NT_19_2015,preocupacao,concentração horizontal
NT_19_2017,preocupacao,poder de mercado
NT_19_2017,preocupacao,concentração horizontal
NT_20,preocupacao,efeitos unilaterais
NT_20,preocupacao,poder de mercado
NT_20,preocupacao,efeitos coordenados
NT_20,preocupacao,barreiras à entrada
NT_20,preocupacao,fechamento de mercado
NT_20,preocupacao,discriminação de preços
NT_20,preocupacao,concentração vertical
NT_20,preocupacao,conglomerado
NT_21_2014,preocupacao,fechamento de mercado
NT_22,mercado_relevante,Serviços Portuários
NT_22,preocupacao,fechamento de mercado
NT_22,preocupacao,concentração horizontal
NT_23_2014,preocupacao,barreiras à entrada
NT_24_2014,mercado_relevante,Policloreto de Vinila
NT_24,mercado_relevante,Insumos Agrícolas
NT_24,preocupacao,fechamento de mercado
NT_24,preocupacao,concentração horizontal
NT_25_2017,preocupacao,efeitos unilaterais
NT_25_2017,preocupacao,efeitos coordenados
NT_26,preocupacao,poder de mercado
NT_26,preocupacao,preço predatório
NT_29_2017,mercado_relevante,GLP Granel
NT_29_2017,preocupacao,efeitos unilaterais
NT_29_2017,preocupacao,efeitos coordenados
NT_29_2017,preocupacao,barreiras à entrada
NT_29_2017,preocupacao,poder de mercado
NT_29_2017,preocupacao,concentração horizontal
NT_29,preocupacao,concentração horizontal
NT_2,preocupacao,barreiras à entrada
NT_2,preocupacao,efeitos unilaterais
NT_2,preocupacao,efeitos coordenados
NT_2,preocupacao,poder de mercado
NT_2,preocupacao,concentração horizontal
NT_30_2016,mercado_relevante,Preservativos Masculinos
NT_30_2016,mercado_relevante,Lubrificantes Íntimos
NT_30_2017,preocupacao,efeitos unilaterais
NT_30_2017,preocupacao,efeitos coordenados
NT_30_2017,preocupacao,barreiras à entrada
NT_30_2017,preocupacao,poder de mercado
NT_30_2017,preocupacao,concentração horizontal
NT_30,preocupacao,efeitos unilaterais
NT_30,preocupacao,efeitos coordenados
NT_30,preocupacao,barreiras à entrada
NT_30,preocupacao,poder de mercado
NT_30,preocupacao,concentração horizontal
NT_30,preocupacao,fechamento de mercado
NT_32,preocupacao,poder de mercado
NT_32,preocupacao,concentração horizontal
NT_33_2017,preocupacao,poder de mercado
NT_34,mercado_relevante,Serviço Móvel Pessoal
NT_34,preocupacao,efeitos unilaterais
NT_34,preocupacao,efeitos coordenados
NT_34,preocupacao,barreiras à entrada
NT_34,preocupacao,poder de mercado
NT_35_2016,preocupacao,barreiras à entrada
NT_35_2016,preocupacao,poder de mercado
NT_37,preocupacao,poder de mercado
NT_37,preocupacao,discriminação de preços
NT_37,preocupacao,concentração horizontal
NT_38_2016,preocupacao,barreiras à entrada
NT_38_2016,preocupacao,poder de mercado
NT_38_2016,preocupacao,preço predatório
NT_38_2016,preocupacao,fechamento de mercado
NT_38_2016,preocupacao,concentração horizontal
NT_3,preocupacao,participação relevante
NT_40,preocupacao,poder de mercado
NT_44,preocupacao,poder de mercado
NT_44,preocupacao,concentração horizontal
NT_47,preocupacao,barreiras à entrada
NT_47,preocupacao,concentração horizontal
